Date,Prediction,Lower Bound,Upper Bound,Is Forecast
2023-07-12,2454.8456945862113,1590.9455056559257,3365.419093242495,false
2023-07-13,2463.04519599822,1579.9742739235512,3328.821734045245,false
2023-07-14,2500.274920193849,1624.6448460674042,3452.4460597510374,false
2023-07-15,1379.745287004956,492.9858692445934,2234.1423081476855,false
2023-07-16,1416.967634441875,468.2807472678278,2311.9740998003285,false
2023-07-17,2433.5030680143955,1431.0983873945179,3312.877506237386,false
2023-07-18,2343.2656745772942,1517.1321659387202,3247.394703702411,false
2023-07-19,2419.5291095774414,1522.7144688796816,3374.718008102075,false
2023-07-20,2439.980509352242,1450.257930028211,3340.2496722460382,false
2023-07-21,2508.7902080724475,1640.3131825565877,3425.2132393330216,false
2023-07-22,1447.6189530110396,452.4524639878091,2373.934186453855,false
2023-07-23,1554.4684017764698,656.4359320794553,2526.405619428716,false
2023-07-24,2615.3246142246535,1702.70559701591,3497.243789218784,false
2023-07-25,2515.3179090123135,1615.1589043878237,3431.6630559381947,false
2023-07-26,2527.1363443188884,1619.4793061332284,3500.572089300726,false
2023-07-27,2457.179230798527,1527.3517666349826,3355.3919342990043,false
2023-07-28,2449.1608488393736,1532.602736260365,3332.602094963176,false
2023-07-29,1352.9690891970038,395.89091022773846,2319.8367008843707,false
2023-07-30,1473.4154522424533,586.2853419134659,2352.557655544997,false
2023-07-31,2586.4205808507577,1685.51402419556,3469.268795509897,false
2023-08-01,2559.7435759585533,1749.4721701589804,3441.780731504933,false
2023-08-02,2646.2821366270196,1740.4935133149902,3522.365132085618,false
2023-08-03,2630.5588150591093,1753.8329991944663,3492.673143662593,false
2023-08-04,2635.7597675330976,1661.0176485359918,3578.202130497847,false
2023-08-05,1503.0717034912354,540.9975173086364,2425.311791923211,false
2023-08-06,1550.9170342482091,694.9746435535988,2439.6899818314737,false
2023-08-07,2589.187902222821,1657.795725172376,3455.820380083258,false
2023-08-08,2521.3237871106708,1615.0285658252944,3491.403286835281,false
2023-08-09,2613.660860205049,1699.813755029521,3492.86843742708,false
2023-08-10,2631.9719932645057,1734.3034257823504,3540.229237879197,false
2023-08-11,2662.5652995754535,1739.565317482835,3544.4284073991175,false
2023-08-12,1519.820442996687,658.4627209379788,2447.3166030672874,false
2023-08-13,1525.1126374331966,648.4835112440303,2333.7080137759694,false
2023-08-14,2516.22365709432,1599.022233568424,3503.2497164837037,false
2023-08-15,2425.0500625210684,1541.2784173733655,3352.2228789370693,false
2023-08-16,2524.700150214074,1569.1531191551107,3393.543791990705,false
2023-08-17,2564.8653325979185,1684.0496796975676,3485.968893161269,false
2023-08-18,2612.1893736509946,1656.9583758146682,3443.064003451336,false
2023-08-19,1478.3375464092755,577.5260652805309,2399.808921037531,false
2023-08-20,1501.0049916904059,561.5213995048674,2457.7758462843794,false
2023-08-21,2534.938548991521,1623.0400596830737,3344.8641451793646,false
2023-08-22,2508.123823683796,1597.3751037868358,3399.8327601533424,false
2023-08-23,2664.8013682915453,1784.683629639005,3521.4078747988024,false
2023-08-24,2719.189907291073,1767.8380487196264,3518.5634252719815,false
2023-08-25,2721.7822284642743,1755.6190637445466,3592.3095512493487,false
2023-08-26,1499.8309944752157,524.0336385846967,2355.46389608705,false
2023-08-27,1428.3616260698918,548.4885502734877,2299.289105906731,false
2023-08-28,2398.4901011749093,1503.5132212116464,3282.507860180831,false
2023-08-29,2356.165388499435,1444.574236277828,3248.631658316907,false
2023-08-30,2543.0421498823516,1679.1719731991088,3415.471384928297,false
2023-08-31,2658.7922105318034,1763.7141629626403,3525.9364854525043,false
2023-09-01,2735.3300632125333,1863.9948667540723,3632.428792899832,false
2023-09-02,1579.2042576351225,640.763530759871,2459.5934453331324,false
2023-09-03,1543.4768311150108,680.3936536447852,2483.6347278832263,false
2023-09-04,2503.1522633050854,1610.5907398153188,3421.4420670707996,false
2023-09-05,2405.8980711768104,1458.8913634592564,3321.3500331917944,false
2023-09-06,2518.5456030803334,1598.8697844760713,3320.9953622428557,false
2023-09-07,2578.6603931366667,1691.3784282490876,3461.020169753725,false
2023-09-08,2645.186973008194,1764.5342720889498,3560.031009722657,false
2023-09-09,1521.6509379603976,663.6715741428384,2452.749985766549,false
2023-09-10,1530.0289191044008,625.4381292183832,2419.796957295854,false
2023-09-11,2509.7227505077253,1521.5575517061427,3393.751022959562,false
2023-09-12,2395.135369402104,1462.655948594481,3329.3560776859485,false
2023-09-13,2470.449294944365,1613.3365927747477,3373.2773613257527,false
2023-09-14,2504.601741890958,1611.4645461964276,3473.1507872145285,false
2023-09-15,2575.5596452292025,1688.4540529032345,3488.1401938706736,false
2023-09-16,1480.4443731142196,652.439198042238,2413.0297601531506,false
2023-09-17,1519.978563297544,578.8159970627728,2424.501231541096,false
2023-09-18,2520.328812270424,1696.1528342916492,3394.139469555906,false
2023-09-19,2423.6460706244197,1528.610608418422,3246.18573441069,false
2023-09-20,2533.5308193135106,1612.2962155104515,3469.8031769673985,false
2023-09-21,2627.182613934156,1767.2656059492085,3554.2069908803915,false
2023-09-22,2764.950823402242,1869.9398664195953,3760.0891746753246,false
2023-09-23,1708.358761237756,782.4316317762901,2620.500672472146,false
2023-09-24,1729.409656474114,816.3478747137924,2656.217854640249,false
2023-09-25,2653.8363817834647,1737.862352070336,3532.799869586398,false
2023-09-26,2452.7392507059826,1545.835707230745,3352.3994114674265,false
2023-09-27,2469.5807164532425,1572.3229796117582,3422.665619704987,false
2023-09-28,2510.1797099412825,1623.3161626111842,3389.4658454738355,false
2023-09-29,2642.1532763352134,1728.1428795546583,3538.0725841959065,false
2023-09-30,1617.4723963479273,726.0210342204473,2511.4319691904307,false
2023-10-01,1691.3255896085534,782.2655912662539,2691.885974707362,false
2023-10-02,2670.2422998456086,1789.2041402071466,3519.253117632598,false
2023-10-03,2504.0495806099048,1650.1176476814733,3411.715352655483,false
2023-10-04,2516.2874615813585,1577.9883368839205,3503.1788275299205,false
2023-10-05,2504.6670606213584,1589.9686151338126,3398.1493691991786,false
2023-10-06,2550.983006767409,1638.674217602174,3434.8669251537995,false
2023-10-07,1441.7038988439454,553.5865465527105,2366.3364207265995,false
2023-10-08,1468.17115355589,640.9338293387741,2329.488474554291,false
2023-10-09,2450.7596608956087,1564.2009862331465,3298.0410763062605,false
2023-10-10,2320.8776388830192,1400.7719444760226,3231.517390090525,false
2023-10-11,2365.4327881966046,1458.2895918773006,3274.8337791322247,false
2023-10-12,2355.482531823667,1415.660201560834,3244.309634910464,false
2023-10-13,2375.829974661967,1549.543292582807,3275.312301443042,false
2023-10-14,1240.7880510228367,348.9896272491909,2138.594431269968,false
2023-10-15,1270.007794258529,389.69361932954143,2141.1045550945487,false
2023-10-16,2290.387500953424,1424.3136016902401,3206.874432991383,false
2023-10-17,2216.9069746252876,1280.9845149903497,3061.2102964783567,false
2023-10-18,2316.3694417069755,1481.0664547552653,3182.211143027448,false
2023-10-19,2356.5916675081858,1466.4254012915924,3245.9063001451696,false
2023-10-20,2438.09314116239,1553.3898989253844,3369.344724177946,false
2023-10-21,1391.481594008777,523.7871469346667,2212.0865178013673,false
2023-10-22,1531.7721575557325,605.2358599959442,2475.7108271296306,false
2023-10-23,2656.2290986377875,1723.874152581576,3521.5832468612293,false
2023-10-24,2643.5662982182635,1719.938708847501,3497.6571235735178,false
2023-10-25,2743.631011285347,1860.463965794587,3635.9308688878587,false
2023-10-26,2739.026348109095,1849.700731487499,3619.769925952016,false
2023-10-27,2766.8209290299305,1831.5387338108367,3641.280761133944,false
2023-10-28,1693.2462503220468,799.0661767855983,2607.8572456144566,false
2023-10-29,1850.586714444817,907.9953736917171,2741.467507191814,false
2023-10-30,3032.892709745585,2204.0806275998384,3996.3274177086764,false
2023-10-31,3103.783165314688,2225.465989015617,4031.300296604179,false
2023-11-01,3294.071462982217,2366.366776625349,4205.55291735475,false
2023-11-02,3365.304455046497,2459.745871856365,4202.656449362969,false
2023-11-03,3432.347775504054,2516.2542444344813,4339.9918833471465,false
2023-11-04,2345.2013767684243,1448.0593544960998,3223.7340523405583,false
2023-11-05,2437.8724302264145,1541.74845666989,3345.8215671224066,false
2023-11-06,3529.7187244675542,2688.082217262164,4439.099577782662,false
2023-11-07,3522.5097205233046,2685.0746208331325,4399.458146099344,false
2023-11-08,3674.468694601976,2710.659814974824,4525.740140283558,false
2023-11-09,3744.6166368923805,2870.305857146091,4630.220501816799,false
2023-11-10,3817.3396244277164,2907.1666651487917,4708.146004702937,false
2023-11-11,2707.7385011734286,1782.7674881027763,3607.3063464330094,false
2023-11-12,2737.3435857093878,1825.4378801312755,3665.515181901043,false
2023-11-13,3743.7200510672233,2905.214379774676,4624.104005099218,false
2023-11-14,3660.9161177807955,2769.79034758518,4524.500083752932,false
2023-11-15,3767.116214882802,2786.542713379106,4613.735484726598,false
2023-11-16,3815.8871581640024,2847.4382457944052,4682.140384376475,false
2023-11-17,3871.3012918058985,2964.9605609038013,4790.760237062399,false
2023-11-18,2736.1333504790573,1878.650086271206,3615.8005164893434,false
2023-11-19,2740.5185869532347,1797.2504597509133,3565.450814746437,false
2023-11-20,3742.224562328798,2904.215348119741,4640.212908906588,false
2023-11-21,3684.2547946862605,2751.1993059481574,4594.719496185076,false
2023-11-22,3827.7604826223887,2937.4357704835697,4764.098860779418,false
2023-11-23,3891.1712534224234,3000.371417017577,4776.678049872351,false
2023-11-24,3910.165334944566,3021.5355632245237,4824.237807777036,false
2023-11-25,2687.264477037032,1801.0172443283338,3603.035515191755,false
2023-11-26,2581.5839370173708,1723.375291374834,3438.656828397526,false
2023-11-27,3490.631913116871,2554.635960631713,4385.503278565022,false
2023-11-28,3385.759909327782,2482.4373375162654,4295.682477051893,false
2023-11-29,3534.9711175400043,2642.8879622070085,4424.545915264823,false
2023-11-30,3646.5923908609197,2733.001838876546,4602.202173495659,false
2023-12-01,3738.815183571117,2866.670333935342,4628.908229439296,false
2023-12-02,2594.180589849582,1746.8550361701632,3475.151273740492,false
2023-12-03,2549.6676277979923,1679.999416405583,3462.534720396939,false
2023-12-04,3481.935232577699,2590.0927541048104,4409.5811152052165,false
2023-12-05,3353.2602220174194,2435.5739618123052,4226.672047360223,false
2023-12-06,3444.841612157967,2519.025209505846,4338.084869661825,false
2023-12-07,3498.5330304143595,2601.9667517845405,4362.228808513477,false
2023-12-08,3567.744661224813,2664.7925164152225,4479.1790778943205,false
2023-12-09,2447.9905665400556,1532.0553484195755,3366.1227922839444,false
2023-12-10,2457.043699913892,1628.9508929619515,3405.7229060849,false
2023-12-11,3434.250128550798,2637.5494847701734,4378.280827191888,false
2023-12-12,3314.6778264007744,2397.355613086052,4264.238539654219,false
2023-12-13,3382.1199350181805,2526.850705524101,4276.745293708013,false
2023-12-14,3406.0125209090525,2558.4101723167423,4311.912562853518,false
2023-12-15,3467.9734811809644,2542.8678964739643,4382.56987114343,false
2023-12-16,2370.1015558592317,1421.306949728239,3195.9262318433944,false
2023-12-17,2413.9644313935974,1499.2232252895853,3335.5827700025343,false
2023-12-18,3419.1829538332777,2564.161902401002,4393.466792986715,false
2023-12-19,3318.109695982072,2410.3274779331014,4189.311437675432,false
2023-12-20,3410.911276774784,2554.884613324809,4261.335893882276,false
2023-12-21,3484.089645696551,2572.6369853747806,4288.579367158624,false
2023-12-22,3615.4908578947943,2754.381643682742,4507.189449341597,false
2023-12-23,2578.513051905727,1706.9733896252355,3432.1879933812647,false
2023-12-24,2639.4352755475625,1752.0472755122985,3574.6873731254964,false
2023-12-25,3601.916851419697,2699.8558048243344,4531.485284110169,false
2023-12-26,3414.081207706604,2548.7902441915044,4317.991728205052,false
2023-12-27,3413.591936506481,2477.1082528337542,4285.315444788589,false
2023-12-28,3423.460335738353,2522.6137180905394,4299.999553726865,false
2023-12-29,3539.60134304063,2649.205102979645,4400.662158143729,false
2023-12-30,2532.8916995863974,1594.1447027085903,3408.9227628871336,false
2023-12-31,2655.0828491322823,1757.439439866096,3541.7877285950303,false
2024-01-01,3691.2281129020903,2837.5435416928894,4588.206247553828,false
2024-01-02,3568.6727669204174,2704.477721835027,4422.048910156382,false
2024-01-03,3602.999789246035,2639.4746098539886,4511.295353265567,false
2024-01-04,3600.9540660137254,2744.619152404885,4513.521786341137,false
2024-01-05,3659.984153494164,2734.397030574343,4568.303106201897,false
2024-01-06,2575.938052483641,1607.1555068454368,3423.5241770304588,false
2024-01-07,2638.2459749994,1741.6878505247553,3579.6246381996584,false
2024-01-08,3658.778812247044,2703.8213579230173,4636.344444354998,false
2024-01-09,3561.6613652824235,2648.7075154078307,4337.921799196629,false
2024-01-10,3631.2210572193553,2663.251197257892,4490.777519054488,false
2024-01-11,3638.469167988079,2747.1305919089473,4572.5142213760455,false
2024-01-12,3667.508569706756,2762.9276517911544,4561.413856417512,false
2024-01-13,2531.5162000686655,1561.466517367534,3375.0865543179993,false
2024-01-14,2551.3374998281415,1610.777453664608,3427.672496470005,false
2024-01-15,3557.979529989516,2658.0180510450223,4406.371187125034,false
2024-01-16,3469.3485308369054,2560.2105861045666,4352.308290745941,false
2024-01-17,3548.7742520937104,2662.78122596967,4436.695574652822,false
2024-01-18,3554.355476949303,2734.8512602876453,4498.730941398535,false
2024-01-19,3578.3250960376017,2674.831762326178,4494.256486059949,false
2024-01-20,2453.709379207921,1554.723087949247,3338.08235886453,false
2024-01-21,2510.0844984218415,1629.6186740610456,3448.4189837734925,false
2024-01-22,3561.330970718601,2642.7296030543475,4491.167908292128,false
2024-01-23,3490.2546949752386,2635.4086079119165,4391.168133831338,false
2024-01-24,3531.953492478643,2592.675331730615,4464.830221251002,false
2024-01-25,3444.552381269396,2569.4419085293525,4332.393759101306,false
2024-01-26,3349.649046928648,2465.839383959449,4221.714263119956,false
2024-01-27,2120.4865691725017,1255.7694120203414,3011.1548175683774,false
2024-01-28,2115.5402408174555,1203.3234429582928,3017.9512771509044,false
2024-01-29,3156.150566756756,2235.2995614521706,3971.1228151723562,false
2024-01-30,3115.666325367225,2168.310502673151,4048.0033998524227,false
2024-01-31,3212.362178332284,2273.802890788768,4150.258401019764,false
2024-02-01,3185.044462929448,2275.349799256238,4031.0865585981974,false
2024-02-02,3133.8160352060545,2257.8135334063045,4030.6038143512487,false
2024-02-03,1911.6738395517,1015.7582471205806,2781.323595879994,false
2024-02-04,1868.5673022020492,926.0259074119091,2737.3265452086152,false
2024-02-05,2839.513341523097,1964.0619543243758,3696.042687848774,false
2024-02-06,2731.788386789979,1828.2519734897232,3663.684797830661,false
2024-02-07,2799.198201466531,1885.590820223667,3686.0213723070055,false
2024-02-08,2793.7400142630845,1909.4159359125867,3745.809088431174,false
2024-02-09,2796.4310686401004,1909.5424736920122,3679.924109832197,false
2024-02-10,1622.9782942941583,633.5165398467008,2495.7471248948323,false
2024-02-11,1596.0501921883451,626.2833459764211,2555.95823646792,false
2024-02-12,2553.0960596432074,1693.9113454076278,3501.616884098511,false
2024-02-13,2428.7309739739017,1559.26084847342,3353.0760333392946,false
2024-02-14,2504.652234862125,1626.9441615109934,3458.976674001544,false
2024-02-15,2539.0645259882913,1658.1470840675834,3424.225166083097,false
2024-02-16,2596.3541803755543,1730.132074130823,3541.739069114384,false
2024-02-17,1472.0423468405306,585.188975039993,2312.404811925933,false
2024-02-18,1485.6006126949874,554.3141335865936,2401.705446573487,false
2024-02-19,2490.3633010318104,1621.3294068235934,3414.6012075743097,false
2024-02-20,2437.529654142971,1536.3881937095114,3284.421446436326,false
2024-02-21,2604.563115220091,1707.765059933156,3566.933509212247,false
2024-02-22,2720.5373992863715,1803.0629012351294,3584.902526332883,false
2024-02-23,2814.162121062459,1982.7280040300689,3724.2402976717904,false
2024-02-24,1664.660223624182,859.6950576034321,2576.5763722360757,false
2024-02-25,1606.9962716860396,722.950735693644,2485.250798640206,false
2024-02-26,2531.7880751777175,1589.5073722861148,3453.7256179545298,false
2024-02-27,2426.5988360597976,1540.5301285862304,3332.522811843387,false
2024-02-28,2586.8854047935292,1663.180974252126,3430.444534683933,false
2024-02-29,2739.1945040827063,1882.6558569719186,3618.2060642379606,false
2024-03-01,2897.770632906445,1968.6211726868187,3743.9122222306514,false
2024-03-02,1823.3578678660012,845.7263810788194,2717.931761956658,false
2024-03-03,1830.3294842237274,885.1493039391303,2735.6199974649135,false
2024-03-04,2787.4630487778377,1883.8850581802628,3659.3981888296066,false
2024-03-05,2666.3419132098206,1769.6256726944505,3602.0026097205932,false
2024-03-06,2764.2810965275844,1862.5520921059422,3657.202634170337,false
2024-03-07,2833.152252777018,1908.5990288845355,3773.212881651638,false
2024-03-08,2925.252132380673,2027.6830933138751,3829.0352673822645,false
2024-03-09,1828.5261388824729,912.2652689242639,2742.7489710960613,false
2024-03-10,1854.5115452518048,1017.4014304016553,2755.21343202702,false
2024-03-11,2841.1061705691764,1997.2487008889573,3718.251785682147,false
2024-03-12,2724.517877956044,1854.1244256219752,3631.116217300528,false
2024-03-13,2789.0479293391145,1927.196818396911,3695.866633492047,false
2024-03-14,2804.1948225214624,1937.8168616520165,3691.3267020617923,false
2024-03-15,2853.9273956955462,1998.8269983014072,3764.700662301664,false
2024-03-16,1745.5369207599238,785.784551366122,2642.1612164403027,false
2024-03-17,1784.4995458953522,941.311896205546,2656.3407585343143,false
2024-03-18,2787.816576624871,1919.6073078589652,3708.143104271988,false
2024-03-19,2678.825400211675,1828.1243395723102,3548.215737861374,false
2024-03-20,2749.938511435317,1881.2184622273871,3601.2214271421526,false
2024-03-21,2790.4237048082055,1863.2083109177745,3603.0009334229476,false
2024-03-22,2892.840057868105,2027.2137215596213,3756.564807396309,false
2024-03-23,1847.153375876821,970.0678506708346,2701.290890513533,false
2024-03-24,1923.4853481883274,984.5555070671761,2827.0903096960374,false
2024-03-25,2910.300446900136,2018.9724634334773,3772.830722366911,false
2024-03-26,2730.6121204914207,1828.97979037771,3653.9030177952022,false
2024-03-27,2705.808770511496,1818.442939617001,3637.6055836840264,false
2024-03-28,2664.9548876105036,1682.0724991784944,3560.0082108508163,false
2024-03-29,2729.0656376772604,1851.5944738340593,3616.995188668392,false
2024-03-30,1695.109846962534,748.6747109543022,2575.103360627192,false
2024-03-31,1823.2906861599947,920.4556909212247,2692.868171645282,false
2024-04-01,2884.793482355042,1957.6724641743588,3760.2058299669948,false
2024-04-02,2782.872421532351,1891.084097234627,3712.200219587117,false
2024-04-03,2817.005826766653,1946.2365145339547,3698.991559214092,false
2024-04-04,2795.6317882797935,1923.506921663979,3702.904891864124,false
2024-04-05,2830.9034719305905,1982.9525563442542,3737.4920380936796,false
2024-04-06,1733.1825371731616,846.0497734350049,2660.549334853777,false
2024-04-07,1796.376255024507,889.6468682065815,2690.2472644168624,false
2024-04-08,2827.043857901057,1917.0250715161499,3670.0462651928005,false
2024-04-09,2741.544564343964,1833.5980835184223,3601.114321579812,false
2024-04-10,2820.2600409255033,1862.7317176827157,3690.173348970556,false
2024-04-11,2834.403972325937,1947.8452045464323,3669.048986193351,false
2024-04-12,2868.9909617280096,1986.0020510037934,3755.3061804585464,false
2024-04-13,1737.032470342294,917.7090171661536,2577.0346569157946,false
2024-04-14,1760.0634021219612,824.9928666420471,2637.0378183665593,false
2024-04-15,2772.8898067403043,1823.7766908551635,3726.5212674634968,false
2024-04-16,2698.492987301829,1811.2492171884026,3684.0960333898443,false
2024-04-17,2801.0891846955597,1935.3310358522845,3715.1233287482682,false
2024-04-18,2832.212785356146,1933.926753928505,3781.8614306011136,false
2024-04-19,2874.21796563589,1994.1524557794535,3814.1258224710027,false
2024-04-20,1756.5558378245562,863.5482467956007,2617.128397084868,false
2024-04-21,1817.9057945107957,891.3757538576607,2740.275151626923,false
2024-04-22,2889.393357210471,1976.6926382673869,3772.8396743582757,false
2024-04-23,2865.4025821677474,1976.8700694430213,3789.3934976500104,false
2024-04-24,2974.974919314584,2050.7427846545465,3893.421696828357,false
2024-04-25,2953.8052528316875,2095.169864327353,3833.88266681213,false
2024-04-26,2900.145864070412,2026.0966516678523,3804.5314624866423,false
2024-04-27,1681.073921780463,777.9842375146644,2531.837926672207,false
2024-04-28,1671.90543344672,834.1756780706927,2614.712444880004,false
2024-04-29,2721.9565485329567,1781.7218868033428,3520.546273798329,false
2024-04-30,2723.202591231756,1856.6410293048373,3560.467731038898,false
2024-05-01,2890.2577631152158,2021.0044311031224,3783.8153572210554,false
2024-05-02,2940.2962541752295,2070.005895770437,3794.1040354067595,false
2024-05-03,2950.8603329237126,2052.862589005085,3878.2213179950472,false
2024-05-04,1766.9961161664614,924.5222333175528,2642.1011268450698,false
2024-05-05,1747.7835326493487,862.0044974445807,2678.1440905635523,false
2024-05-06,2744.0835630880993,1844.6429573837288,3660.461622641247,false
2024-05-07,2672.8357109941817,1737.5772431975463,3608.2930684473354,false
2024-05-08,2786.3090362830217,1950.2005829839964,3674.9062895744437,false
2024-05-09,2828.456539136564,1874.7417921677984,3747.3917277857754,false
2024-05-10,2873.5487506157865,2018.812219264486,3776.6522105898684,false
2024-05-11,1735.3150116648394,794.3685168266306,2578.5949814093556,false
2024-05-12,1737.0330308989405,840.5646250315915,2627.824737639059,false
2024-05-13,2716.1444945194307,1821.2734123207063,3662.2617019713553,false
2024-05-14,2606.8413025110226,1704.316020184906,3516.0810013912815,false
2024-05-15,2692.729854596093,1832.32473353598,3627.2675093697126,false
2024-05-16,2736.8210604911364,1876.4226516153697,3661.596194437008,false
2024-05-17,2807.088549095333,1902.5090166703628,3736.4187411063745,false
2024-05-18,1696.1851298343586,819.4813006257168,2522.1956811441605,false
2024-05-19,1714.395482313623,824.5527026998391,2708.86354931298,false
2024-05-20,2707.2072906370495,1863.8811515603122,3561.3586549966803,false
2024-05-21,2628.571901794322,1700.3123681068396,3549.302502513518,false
2024-05-22,2770.727910516979,1821.095111595087,3676.6432904459334,false
2024-05-23,2879.4494819778706,1994.4386707321928,3747.360460691393,false
2024-05-24,2987.485011618128,2061.147329579078,3986.1342475694523,false
2024-05-25,1859.1129881588727,944.3385683510306,2818.331693945709,false
2024-05-26,1804.4820812008975,916.5645985265598,2673.1574998436017,false
2024-05-27,2698.2610104214277,1859.134759697261,3644.110002946258,false
2024-05-28,2534.4119020543167,1618.8682022779558,3430.96332393021,false
2024-05-29,2633.844503306978,1729.1267941313374,3534.442759085571,false
2024-05-30,2749.5446278256,1920.195756578011,3657.63785997144,false
2024-05-31,2904.5377317204975,2011.9521420217548,3860.3498215542095,false
2024-06-01,1846.0000945671618,910.9127119956081,2775.1020476532485,false
2024-06-02,1864.4749984888433,947.8105180476094,2776.6176144622673,false
2024-06-03,2812.848768862682,1905.9293007785045,3723.6770301331576,false
2024-06-04,2664.5568331791665,1753.6236500065431,3553.045000628683,false
2024-06-05,2731.718200682199,1887.5182637810824,3723.766860001659,false
2024-06-06,2780.7551575486364,1862.3111151889568,3685.6261437624057,false
2024-06-07,2868.415255537224,1898.1397246767347,3765.0636167272337,false
2024-06-08,1777.2440137027993,839.7898695423436,2640.124256183512,false
2024-06-09,1810.8662108409526,926.7687194561763,2768.991055371914,false
2024-06-10,2803.0334846438914,1881.7184323869658,3678.3405613728573,false
2024-06-11,2689.9090455698915,1759.4280814907822,3561.4172187580543,false
2024-06-12,2756.4205533283143,1815.4305574910732,3633.928378674141,false
2024-06-13,2771.5869807817653,1860.3316573684242,3686.9335469630314,false
2024-06-14,2819.7343262584072,1849.8979664180686,3690.707147141466,false
2024-06-15,1711.6133268867895,831.6862274089061,2657.401465927589,false
2024-06-16,1757.4397195320757,916.5010448405068,2592.7810580752766,false
2024-06-17,2774.7810414342407,1902.197899131791,3664.6091213404425,false
2024-06-18,2680.1159675189006,1798.5284155178022,3534.6602931516236,false
2024-06-19,2755.71988660648,1814.951512383188,3646.7049385923883,false
2024-06-20,2787.071912762602,1907.450254590962,3714.4745434950914,false
2024-06-21,2875.6733485596455,1978.8352590510385,3748.3663264973643,false
2024-06-22,1828.6326988340759,867.7863986974344,2728.710811756889,false
2024-06-23,1927.6107028307722,943.1243589253876,2748.2404797130325,false
2024-06-24,2955.042290874502,2133.5860092313287,3812.57085536562,false
2024-06-25,2811.604460358746,1903.7198945216858,3688.4183111656794,false
2024-06-26,2795.499833507824,1856.7265368722335,3705.6443943680842,false
2024-06-27,2729.849870075872,1805.7306825415594,3650.1425639437484,false
2024-06-28,2752.792226049263,1894.0411761117412,3596.2191093001516,false
2024-06-29,1689.6061503021306,764.3631055560902,2528.374427162882,false
2024-06-30,1819.501910121978,934.6938105598554,2738.74414372136,false
2024-07-01,2910.4223472126355,2024.8526103431432,3782.5459656459243,false
2024-07-02,2844.43568129946,1903.657682235673,3869.792327941743,false
2024-07-03,2898.924216777428,1972.471078196947,3723.924248052447,false
2024-07-04,2874.848031978852,2017.0475722466592,3801.8158573514274,false
2024-07-05,2893.961674489002,1960.6487421070153,3778.697776835622,false
2024-07-06,1782.929856709625,876.9546996350213,2628.070879373674,false
2024-07-07,1845.7605636754438,980.2448607062142,2778.441760163258,false
2024-07-08,2887.8838778504382,1982.3565272904086,3773.8566400946447,false
2024-07-09,2817.9844563161664,1936.1386878292453,3675.26158194294,false
2024-07-10,2910.0223433866718,2046.2879311670688,3804.234103738708,false
2024-07-11,2933.508704201197,2072.138369526523,3875.3842699444267,false
2024-07-12,2974.28829189233,2039.269246278925,3884.1974455497057,false
2024-07-13,1845.5290657605474,888.7243123073789,2785.6367855152703,false
2024-07-14,1868.448723476541,994.3423671949141,2776.626653442048,false
2024-07-15,2879.8103172915535,1939.3276735366462,3861.488728963927,false
2024-07-16,2807.392584294914,1883.730679763572,3715.627075056008,false
2024-07-17,2918.936147972341,2079.4897037210294,3815.4384568188734,false
2024-07-18,2962.9936588923824,2045.8985854927218,3837.8018659116487,false
2024-07-19,3012.573048803412,2062.253293288983,3935.8920586953,false
2024-07-20,1889.078780471708,1036.2412642276506,2786.6373569720513,false
2024-07-21,1933.7074824850076,1038.721225859735,2824.8779669579712,false
2024-07-22,2992.0962405345804,2061.4157082176157,3895.308753224415,false
2024-07-23,2975.043555060107,2074.289686870385,3892.008205030118,false
2024-07-24,3115.3274928285155,2298.840416352401,4069.466520627708,false
2024-07-25,3133.3862151513736,2262.100052162967,4031.6299127760235,false
2024-07-26,3102.339429395976,2194.5292419631505,3974.495947020293,false
2024-07-27,1872.99933215544,885.7849187330083,2763.8479930946396,false
2024-07-28,1826.7703897882816,983.828612739373,2695.045425178396,false
2024-07-29,2838.1205598415463,1929.6225817776137,3728.487879768992,false
2024-07-30,2825.1758051951656,1851.0297647005752,3789.3660792557375,false
2024-07-31,3011.058017045345,2118.0312307408444,3935.7246432609295,false
2024-08-01,3099.1173606609054,2159.2804298164115,4010.8223149450846,false
2024-08-02,3142.8281309161757,2264.9554464231906,4065.829149845275,false
2024-08-03,1971.1260967619028,996.707376499541,2821.087628910837,false
2024-08-04,1944.7431653367687,988.7264207755306,2814.2403668584443,false
2024-08-05,2929.1629646102915,2029.4424064771742,3851.1639647579696,false
2024-08-06,2855.712508253203,1939.7518712120966,3810.7840830678174,false
2024-08-07,2980.966059882333,2179.334320564397,3831.1554161031568,false
2024-08-08,3043.3479150910343,2121.0040866757236,3891.7490772517194,false
2024-08-09,3109.103377144659,2211.6511557971157,3997.558051836023,false
2024-08-10,1987.7184177303725,1055.0439328554896,2904.608422683208,false
2024-08-11,2002.344132225218,1079.8998460224095,2929.8643190999346,false
2024-08-12,2990.9818400521885,2193.7818570938257,3835.984685931277,false
2024-08-13,2887.2926311454253,1972.8658333213418,3773.270707481227,false
2024-08-14,2975.204862221719,2067.7130860738553,3884.2151825167125,false
2024-08-15,3021.170697898256,2173.1124256982653,3942.6382021641652,false
2024-08-16,3097.9033098795894,2156.1756018367614,3937.9063695518216,false
2024-08-17,1998.6412240489412,998.0029891281002,2892.7900906486116,false
2024-08-18,2026.8508951952047,1169.0601789539382,2921.6656835261197,false
2024-08-19,3017.9458640203634,2116.10257487019,3904.5589794917573,false
2024-08-20,2922.1755878704207,2016.9152062424828,3865.6322584761106,false
2024-08-21,3040.832612685281,2044.8449608046787,3895.8963395265723,false
2024-08-22,3136.971196466523,2266.5263777476785,3988.024266820855,false
2024-08-23,3255.0420755269743,2340.6541315742493,4130.519577584533,false
2024-08-24,2153.482999389867,1209.478070396267,3038.594680398173,false
2024-08-25,2120.319397367135,1283.111039425872,2968.4563511084825,false
2024-08-26,3007.2699300829554,2093.5276789244417,3896.346657374678,false
2024-08-27,2802.609174850795,1850.7190489584978,3654.6680410930535,false
2024-08-28,2844.640990598218,1976.3232533541807,3708.7768705741382,false
2024-08-29,2914.9448963818486,2011.830797444809,3732.9034885459605,false
2024-08-30,3055.843091749752,2147.1681572050347,3976.227756862299,false
2024-08-31,2011.5593517114057,1049.5494977558815,2846.609165703859,false
2024-09-01,2051.7346600666046,1170.2488894034932,2918.5381375408274,false
2024-09-02,3007.4295650835957,2122.417454427753,3912.5509185150386,false
2024-09-03,2844.85089762918,1973.1039817433405,3780.4378732206083,false
2024-09-04,2885.9401574317194,2004.3125936922045,3750.8486604196164,false
2024-09-05,2913.608146229417,1977.8072294259587,3815.287011256995,false
2024-09-06,2994.8460071568647,2124.454275009198,3921.8683837527474,false
2024-09-07,1911.164065149329,908.6926549446143,2782.511804806188,false
2024-09-08,1958.5521224810618,990.7587015178038,2897.549747314227,false
2024-09-09,2964.3210566547223,2069.9363440267052,3852.1141701215947,false
2024-09-10,2862.850659759893,2023.614900948368,3736.207126503895,false
2024-09-11,2939.754543259437,2040.2387768683732,3806.4802811074146,false
2024-09-12,2964.0007922673467,2081.6245390711238,3922.414392861471,false
2024-09-13,3019.329496794564,2184.476957858722,3934.443985697568,false
2024-09-14,1918.1220717637016,1105.472546712875,2807.2407001414426,false
2024-09-15,1975.013266625534,1062.0482314644132,2827.36567048809,false
2024-09-16,3010.671798378832,2112.856410696586,3897.646094792561,false
2024-09-17,2938.135625980199,1978.8201384356923,3802.46724539535,false
2024-09-18,3029.849674533454,2137.980853641685,3911.4997875611693,false
2024-09-19,3062.7488163213143,2216.477663910248,3940.4102616835307,false
2024-09-20,3140.353544933834,2278.284568667807,4054.039676122346,false
2024-09-21,2083.799133433935,1196.9813137598858,2949.807153480494,false
2024-09-22,2190.703331760201,1291.5630242329787,3045.1356209752234,false
2024-09-23,3246.821787496861,2384.088244777757,4169.48707976356,false
2024-09-24,3137.2142484331303,2267.503441608563,4011.9017082720798,false
2024-09-25,3134.658719484505,2176.0725196050726,3995.0863690604256,false
2024-09-26,3045.8001182456137,2058.8113179219745,3927.850872986081,false
2024-09-27,3014.743949411436,2109.649479405995,3923.484900860626,false
2024-09-28,1891.900257514034,1008.6533994017285,2794.0979240196743,false
2024-09-29,1982.715001079448,1094.518976191314,2830.117446019155,false
2024-09-30,3063.833857131049,2166.426476798975,3932.8031202104576,false
2024-10-01,3003.807639759476,2102.5336900857346,3925.309008633196,false
2024-10-02,3056.3673552481614,2186.44625715929,4029.196303822615,false
2024-10-03,3006.8851761153373,2047.7803881345537,3926.322433996453,false
2024-10-04,2979.388673195919,2037.3315737970415,3879.6109773110365,false
2024-10-05,1815.874893461341,909.2213890031024,2786.632711743641,false
2024-10-06,1835.5250604304624,920.8117623665394,2723.494779849987,false
2024-10-07,2848.9212186238597,1926.000435675476,3710.5914371121485,false
2024-10-08,2760.1099925209924,1929.881297015335,3618.860883710176,false
2024-10-09,2835.9419320184934,1854.7369247599022,3722.205826853655,false
2024-10-10,2842.60546623343,1897.2913771153292,3861.1963231144655,false
2024-10-11,2866.723276643021,1935.8333283170455,3789.014546563752,false
2024-10-12,1722.8900861073662,814.3044580079747,2580.2324468156953,false
2024-10-13,1732.6013920024768,794.9520498902642,2593.7983577789637,false
2024-10-14,2733.671938992265,1776.5629672643663,3615.925027021287,false
2024-10-15,2657.953510746154,1793.330108372399,3526.8474013028513,false
2024-10-16,2778.442856283863,1862.3873847758261,3606.819351042621,false
2024-10-17,2844.664735337545,1948.0689189942868,3747.0078532107514,false
2024-10-18,2923.052792967623,2042.2810009229497,3819.3153902336876,false
2024-10-19,1825.0296581495572,890.9899161471099,2732.4653206891026,false
2024-10-20,1888.024951284979,1010.0825979079978,2817.61882415161,false
2024-10-21,2966.5049761897635,2114.0951745347875,3855.1143547166034,false
2024-10-22,2988.165541512108,2089.0999559978545,3902.7995457238,false
2024-10-23,3196.9515019305186,2289.061725378629,4084.6575989416447,false
2024-10-24,3306.780971918022,2411.7549068831627,4215.191047710866,false
2024-10-25,3367.8399008565684,2491.0091638598915,4304.952862045378,false
2024-10-26,2207.0645267180475,1242.5540562432839,3111.628854836896,false
2024-10-27,2199.149252806086,1284.2593541527312,3198.235486497369,false
2024-10-28,3234.8583007751736,2359.389576190134,4144.558141583364,false
2024-10-29,3259.761455762264,2359.501708293251,4112.132456521627,false
2024-10-30,3515.1001928809037,2615.2764594949317,4420.936873200603,false
2024-10-31,3700.0933563341355,2768.4336367834007,4607.586474940749,false
2024-11-01,3846.1583182642894,2966.293476733433,4696.708988171313,false
2024-11-02,2759.30007286113,1979.7549493537101,3612.956783209777,false
2024-11-03,2791.990939768877,1879.1031806545145,3716.0803992829037,false
2024-11-04,3818.6027582404936,2903.2436981653946,4744.621510829658,false
2024-11-05,3786.1339418112047,2941.4184776649713,4677.77481179515,false
2024-11-06,3960.720041237678,3047.540963520956,4776.645798333897,false
2024-11-07,4079.217089405074,3181.8974112323626,5010.741965804878,false
2024-11-08,4199.862357407241,3310.3025366696406,5092.948066261037,false
2024-11-09,3125.494875591277,2198.2256936374556,4098.984627271988,false
2024-11-10,3177.4457665528253,2299.212859351414,4087.7386349124217,false
2024-11-11,4194.533933536217,3276.5320290958416,5036.8914942603,false
2024-11-12,4110.663786091276,3259.1996016918506,5028.716987693186,false
2024-11-13,4209.6249157596885,3301.0494917737387,5149.064173167075,false
2024-11-14,4260.0612236864545,3342.3513612333722,5131.320065691583,false
2024-11-15,4339.839739931793,3434.411988885149,5247.440083654482,false
2024-11-16,3246.1121463832,2346.0626317866513,4174.1710077324515,false
2024-11-17,3279.7964724112567,2448.953353904821,4211.640373384017,false
2024-11-18,4267.42408087584,3414.657262343005,5237.167518197703,false
2024-11-19,4151.678868236522,3235.285246213884,5072.953690329406,false
2024-11-20,4236.85543771542,3384.5036168398,5122.7791353058,false
2024-11-21,4300.995738346137,3480.3417938589446,5153.054403991708,false
2024-11-22,4405.421138124406,3505.2862880680555,5284.012138561641,false
2024-11-23,3312.732505755012,2470.373913921199,4254.958430531992,false
2024-11-24,3296.087361109259,2365.944489069891,4219.829593843888,false
2024-11-25,4182.416836717848,3348.319473537323,5126.146792628623,false
2024-11-26,3944.027777845152,3068.2643487956893,4839.2754461669065,false
2024-11-27,3925.559984103113,3030.4657062421475,4811.549707695219,false
2024-11-28,3933.942613879308,2987.0724479920013,4859.231837092783,false
2024-11-29,4037.798760125167,3184.5019548201226,4959.1226863315715,false
2024-11-30,2989.96644705536,2119.0794922216555,3880.0223863925235,false
2024-12-01,3046.330969179584,2139.529724393611,3919.9285557269677,false
2024-12-02,4013.921804185017,3105.6296099248875,4926.875393528493,false
2024-12-03,3842.8487074170334,2995.849922010561,4709.065952122858,false
2024-12-04,3856.703268083056,2882.1090748046045,4750.171567004626,false
2024-12-05,3853.010664379057,2947.88149456158,4697.147220307391,false
2024-12-06,3913.1435952993006,3030.998273161745,4804.813444618391,false
2024-12-07,2822.8627155502886,1890.7519173712924,3678.218011353531,false
2024-12-08,2872.7114174745116,1935.7720104074615,3804.7408774173314,false
2024-12-09,3882.0226267058806,3003.6549695435333,4783.376823302361,false
2024-12-10,3781.009572915913,2871.7762910270194,4699.356606859714,false
2024-12-11,3855.2689991693633,2929.0349596043734,4747.326795433431,false
2024-12-12,3874.4729148050405,2951.725155700602,4779.264070252258,false
2024-12-13,3922.0091357041147,3020.4759261259073,4787.3413603583185,false
2024-12-14,2810.7915585858027,1935.718851014701,3683.6820346171144,false
2024-12-15,2859.1345032765594,2039.2675292386373,3690.666394275722,false
2024-12-16,3892.7062882484797,2975.4254656279377,4830.410086765818,false
2024-12-17,3825.4046489566854,2915.1417143028148,4732.8961302303705,false
2024-12-18,3923.1351291220135,3027.061593857612,4843.350806193976,false
2024-12-19,3953.031665227717,3053.48352877092,4775.227783773437,false
2024-12-20,4015.169135675241,3128.2541469785574,4911.4323352791225,false
2024-12-21,2939.964292800895,2023.2744464166522,3867.7748676531064,false
2024-12-22,3042.5018220989787,2181.4443741673267,3917.141639050041,false
2024-12-23,4120.374210962453,3169.807733540718,5000.14157769485,false
2024-12-24,4052.8716552985697,3214.813855308468,4931.941031176159,false
2024-12-25,4090.6469189185937,3116.2652189745477,4981.60154350367,false
2024-12-26,4017.3112654508427,3181.3305336740186,4909.054596277125,false
2024-12-27,3971.110871217552,3078.3123291388533,4872.12445988826,false
2024-12-28,2819.585453929686,1875.285108335576,3829.5138856341914,false
2024-12-29,2896.415463777074,2003.4009469650778,3761.108361519863,false
2024-12-30,3997.0003657562634,3050.6465715287954,4916.06744524828,false
2024-12-31,3986.483026799391,3021.1744975511924,4888.315829263971,false
2025-01-01,4097.061805764318,3203.6551560297667,5061.413528521878,false
2025-01-02,4091.5756355711655,3164.887886308296,4968.964297200379,false
2025-01-03,4086.049832110095,3159.2408553814803,4904.005262576121,false
2025-01-04,2931.4773137247826,2094.840488161282,3829.8541013664726,false
2025-01-05,2962.6635247989716,1998.508159541612,3897.2902655659013,false
2025-01-06,3999.549106963107,3130.018752970695,4920.779724362139,false
2025-01-07,3944.2581094983034,3032.4225239612642,4854.876902534743,false
2025-01-08,4055.135502147531,3166.9358359584994,4953.783313459537,false
2025-01-09,4091.094684788249,3184.748308616252,4967.286249036083,false
2025-01-10,4136.196429921525,3248.907791001649,5017.81397989179,false
2025-01-11,3005.017518900891,2071.076892025472,3854.906824774341,false
2025-01-12,3018.390953253355,2115.8378575658944,3937.8396607483496,false
2025-01-13,4013.0423159666784,3172.5756100969033,4938.666845427809,false
2025-01-14,3922.07316758026,2999.1869663550347,4882.2750277193645,false
2025-01-15,4022.6522397265276,3158.5038827194053,4922.310657861512,false
2025-01-16,4067.3010032586612,3152.918513418535,4975.466220993736,false
2025-01-17,4119.056062588139,3201.6284951899684,5046.933310675938,false
2025-01-18,2979.7036747527777,2076.628366452577,3898.078120618611,false
2025-01-19,2978.4725714081674,2128.5458631676893,3919.4514852216043,false
2025-01-20,3972.336257310268,3118.1387062144413,4928.087539809661,false
2025-01-21,3903.6419456452977,2954.7265897247908,4782.552387894443,false
2025-01-22,4033.041536636394,3123.8231612719383,4909.722510484869,false
2025-01-23,4078.5811796595963,3184.307570769935,4967.645708227313,false
2025-01-24,4075.838789231453,3174.946517375496,4966.751185763828,false
2025-01-25,2827.356309053995,1916.713195144966,3769.7099202038453,false
2025-01-26,2692.435814604357,1820.2609090432618,3593.8312231644313,false
2025-01-27,3568.925089968203,2689.6153759351228,4551.11806120827,false
2025-01-28,3428.6487532390192,2585.626438878625,4268.094077341237,false
2025-01-29,3540.192948831246,2640.4457374606936,4434.031725751227,false
2025-01-30,3612.550264323212,2693.28142353487,4401.379436224368,false
2025-01-31,3664.6314345639094,2834.072523730638,4615.281773505612,false
2025-02-01,2479.720207204782,1616.5875813008333,3365.9433509344644,false
2025-02-02,2395.5317580054043,1486.8611466790182,3272.689869886434,false
2025-02-03,3289.4263136366735,2368.436419028276,4127.770900006021,false
2025-02-04,3124.321341619703,2245.503439578161,4016.6370582847912,false
2025-02-05,3181.973641344606,2184.578880472276,4165.133181061089,false
2025-02-06,3204.69386436658,2302.409967418318,4081.7652091528284,false
2025-02-07,3246.235475279956,2310.7385812699727,4110.9119063553,false
2025-02-08,2102.334349122963,1230.188212299914,2977.3240163409105,false
2025-02-09,2090.861445656046,1177.4303981991043,3031.434877349536,false
2025-02-10,3051.139965316279,2133.8910441945095,3963.4806016312527,false
2025-02-11,2918.102020027512,1990.2773455597082,3821.37028160568,false
2025-02-12,2975.3041851310018,2119.760347192259,3913.06315906285,false
2025-02-13,2991.8612581065117,2045.9355651038052,3866.764280316669,false
2025-02-14,3049.0040353261347,2142.8150868838534,3931.992257292667,false
2025-02-15,1948.3885302443837,1014.1000355535376,2805.3844619799506,false
2025-02-16,1991.1376087122571,1019.6092610422447,2939.115723426921,false
2025-02-17,2996.4150914759603,2080.5125906179446,3933.8405679291113,false
2025-02-18,2896.135568916063,2006.2685419113416,3750.032928841232,false
2025-02-19,2990.0654537851456,2092.63050149434,3814.094006723086,false
2025-02-20,3064.3603075020915,2129.311466448851,3911.4608991879604,false
2025-02-21,3196.586338490496,2280.2564429376166,4145.403006754059,false
2025-02-22,2159.937328993448,1265.6952243076255,3035.579580068625,false
2025-02-23,2220.568368511477,1300.2142597989287,3135.5161367025935,false
2025-02-24,3182.096014138742,2277.2899769158403,4068.3780080751344,false
2025-02-25,2992.6789269146725,2070.009136621129,3924.321890252765,false
2025-02-26,2990.0870548976595,2110.9226984012284,3900.3681136033656,false
2025-02-27,2997.4990940292596,2090.7712138702036,3879.8182962907285,false
2025-02-28,3111.0457512414696,2218.3599289176545,3930.1544314566486,false
2025-03-01,2101.8533730815248,1260.0595743296115,2999.2721988792555,false
2025-03-02,2221.9412435899253,1307.6981709130343,3125.247947423527,false
2025-03-03,3256.63292410272,2349.6926245293653,4169.166625983041,false
2025-03-04,3133.5310874141946,2191.9734382481083,3965.4451935238103,false
2025-03-05,3168.449393203067,2286.7395237776173,4098.258909800096,false
2025-03-06,3168.3248902776904,2286.362735483154,4028.9354652258467,false
2025-03-07,3230.7506234340763,2316.5479500154656,4141.505353525188,false
2025-03-08,2151.6653389623325,1272.0149518338085,3026.356996247004,false
2025-03-09,2220.5335433654154,1335.2840410156691,3102.930100446838,false
2025-03-10,3249.20472328495,2304.826242677862,4094.090540994608,false
2025-03-11,3161.730707692447,2303.5506973898564,4048.10745812026,false
2025-03-12,3242.321635668527,2383.94543681655,4160.228686748083,false
2025-03-13,3261.8371531501484,2327.2113553171935,4062.6849999003066,false
2025-03-14,3304.206257242849,2430.6101237060993,4231.359405477929,false
2025-03-15,2182.4233515114656,1232.5387526226432,3091.3315697030494,false
2025-03-16,2217.1569825075853,1308.1192889121244,3048.2439037099025,false
2025-03-17,3239.2571721702434,2344.037726165886,4154.339042596016,false
2025-03-18,3166.506301189861,2164.4780586932784,4038.062881822343,false
2025-03-19,3262.1550986156385,2341.087166110131,4176.976358013204,false
2025-03-20,3284.2774590032172,2314.9804217228216,4198.672462791409,false
2025-03-21,3325.1418472832593,2426.964534964003,4211.397320929965,false
2025-03-22,2217.8734815039375,1364.5320501763383,3128.9093477860038,false
2025-03-23,2292.2100504102955,1362.5435955112425,3194.6055649630434,false
2025-03-24,3362.2515171246673,2432.688117229317,4283.847180344598,false
2025-03-25,3311.072752779652,2401.477237010952,4255.457890921845,false
2025-03-26,3374.0781681552635,2533.6382636675758,4211.895283633564,false
2025-03-27,3309.7220111863185,2440.477300014694,4232.345141987729,false
2025-03-28,3239.9363938336874,2375.955989942152,4099.704888530354,false
2025-03-29,2038.2848471127895,1219.5753208105482,2920.690632609787,false
2025-03-30,2063.5290876644044,1156.7003810009326,2928.188599430747,false
2025-03-31,3137.2420011983045,2222.301993656006,3956.5963422733953,false
2025-04-01,3132.931673460889,2247.7310587837005,4081.394251652908,false
2025-04-02,3268.9418909786145,2423.6131719948803,4151.855500034255,false
2025-04-03,3284.0436274819,2391.105530824629,4145.031783296181,false
2025-04-04,3278.1891708317585,2401.7326771732896,4176.010606685194,false
2025-04-05,2104.10321959753,1200.934249918634,2982.801819883767,false
2025-04-06,2111.3395355032644,1205.7906373960395,2955.566102299942,false
2025-04-07,3134.3992428398565,2288.1608054629105,4012.8241451649446,false
2025-04-08,3079.931256800398,2130.5514419151364,3885.5940993821514,false
2025-04-09,3201.015510141776,2242.6007543378532,4121.229064293397,false
2025-04-10,3248.8431384780797,2375.885284508347,4144.167496804717,false
2025-04-11,3303.5671848687175,2392.9755570389884,4249.446567971606,false
2025-04-12,2179.9977905000933,1201.660979638365,3011.104807612674,false
2025-04-13,2199.902064153938,1185.7790354113379,3160.5673230182497,false
2025-04-14,3199.8527330475836,2340.1329929540143,4100.454579032072,false
2025-04-15,3113.642883341404,2199.394174540034,4014.311518022934,false
2025-04-16,3222.2313391019493,2302.8370371076553,4103.34588749029,false
2025-04-17,3283.1947946479645,2373.51195355004,4147.2879993086635,false
2025-04-18,3360.4259922730866,2463.7003073768424,4212.335252396124,false
2025-04-19,2249.1067493229452,1342.00968672818,3153.31067687786,false
2025-04-20,2268.5385376698146,1342.4838529615652,3134.977347182697,false
2025-04-21,3272.0641601873226,2393.198609485319,4161.28831052836,false
2025-04-22,3211.0732703147223,2343.558431570753,4107.646256970605,false
2025-04-23,3363.398711575324,2489.573496973101,4221.584535034893,false
2025-04-24,3458.6533752678465,2572.0993561715577,4335.1345873295295,false
2025-04-25,3526.2405965247717,2625.8498838467185,4412.209683956353,false
2025-04-26,2346.21082292911,1472.2756421935062,3295.188513499494,false
2025-04-27,2254.4643303629755,1333.799677594564,3084.257922730358,false
2025-04-28,3142.633356765186,2250.1226302373634,4018.397857504523,false
2025-04-29,2999.341911317716,2102.6651110093894,3860.052156854933,false
2025-04-30,3121.120028226907,2224.961262031264,4017.8941484461843,false
2025-05-01,3235.565577321553,2331.903068324842,4206.633982964652,false
2025-05-02,3357.9186211821366,2453.3851891466593,4296.309487425057,false
2025-05-03,2249.831784014121,1310.9768520470457,3120.7254291386043,false
2025-05-04,2226.4717234535965,1380.3616715085357,3090.5014926068447,false
2025-05-05,3157.2704028592416,2226.901757273834,4077.711865165776,false
2025-05-06,3014.307967975508,2129.9014349805784,3978.584357927913,false
2025-05-07,3095.2258911593776,2205.5755796403646,4044.7697879471684,false
2025-05-08,3152.045523289109,2279.899052840677,4030.533075640679,false
2025-05-09,3237.036658086297,2379.8762209218758,4162.788307226162,false
2025-05-10,2137.9476515641672,1291.4562436122305,3053.1540796664867,false
2025-05-11,2165.96134886704,1255.9399924106312,3004.243020854655,false
2025-05-12,3158.4820675221854,2203.1816291146433,3952.7872712825565,false
2025-05-13,3051.10822893016,2120.0783529445634,3924.5400851353475,false
2025-05-14,3127.44271907662,2215.1308220191654,3992.9429551442995,false
2025-05-15,3156.2265027096228,2170.7802462976297,4137.312547212543,false
2025-05-16,3220.6430734813193,2298.4699356455008,4071.6019484049225,false
2025-05-17,2127.20220639064,1180.511888685511,3015.76438832815,false
2025-05-18,2180.63311682319,1282.1797398314388,3014.3679776048866,false
2025-05-19,3197.2533091245496,2360.63673239876,4075.4580256210775,false
2025-05-20,3099.804812176357,2183.2118882705445,3976.6804007423166,false
2025-05-21,3180.214296009716,2321.0271024825993,4081.0229832110476,false
2025-05-22,3227.3893527512123,2308.6922420665746,4154.816968309273,false
2025-05-23,3333.664997688041,2413.436294304482,4197.21911010799,false
2025-05-24,2288.9237270527638,1356.1673738785423,3165.379190127965,false
2025-05-25,2363.343296177257,1481.5728867935807,3282.24620997547,false
2025-05-26,3345.5764111012554,2430.1480591392933,4240.969811790104,false
2025-05-27,3158.9442893673145,2262.440183968493,4029.086082693477,false
2025-05-28,3125.245202029286,2209.8098961128917,4053.490755272997,false
2025-05-29,3074.034193824493,2155.135302057809,4048.56971458804,false
2025-05-30,3126.873247904086,2258.022772891929,4040.613953431097,false
2025-05-31,2081.307938384377,1190.559850042466,2953.746613908251,false
2025-06-01,2198.121033194486,1330.4998977188766,3053.5010954045188,false
2025-06-02,3249.0536584183915,2318.2680206529994,4128.373290159346,false
2025-06-03,3137.866938358772,2293.6655965837817,4069.13306923466,false
2025-06-04,3164.4748685878985,2282.353201692042,4089.074855205819,false
2025-06-05,3137.6611456201576,2263.4668754735508,4044.59406372204,false
2025-06-06,3169.8200630173487,2279.100746791885,4084.101493974889,false
2025-06-07,2071.440491225612,1139.6931260298975,2979.475988198636,false
2025-06-08,2136.4388971073845,1256.3641051834672,3085.654300354921,false
2025-06-09,3171.2670649485913,2308.5872772615617,4060.8782064545503,false
2025-06-10,3092.0668520061317,2186.2975065909704,3902.4256787843906,false
2025-06-11,3178.90439682951,2276.6772672527727,4055.6003268658646,false
2025-06-12,3202.59588912836,2319.908640603373,4100.314238548489,false
2025-06-13,3247.696367986814,2370.861068092834,4121.492338077294,false
2025-06-14,2126.7183422621697,1237.6721814344924,3033.9363865557866,false
2025-06-15,2160.6828047100544,1345.8657277525062,3112.381984112765,false
2025-06-16,3183.8920041759766,2326.1701450082783,4036.2244646630343,false
2025-06-17,3118.8581276323243,2214.755355983718,4019.545959999508,false
2025-06-18,3229.385952863446,2324.5859910013833,4048.5584533606666,false
2025-06-19,3266.6763793953846,2335.5232350430874,4166.214703218392,false
2025-06-20,3312.8448285690533,2398.0092102674553,4250.271217415122,false
2025-06-21,2197.21081338177,1325.0932001876138,3094.1126592442897,false
2025-06-22,2258.436800373396,1306.4098215966233,3195.940452670115,false
2025-06-23,3327.748311389465,2356.0279698548693,4169.2598986222465,false
2025-06-24,3299.743191675811,2376.4915541340183,4117.035997900324,false
2025-06-25,3403.782051342236,2484.268645791082,4321.293634967093,false
2025-06-26,3375.9709531314,2534.8572553999825,4313.384582843619,false
2025-06-27,3315.0476504180137,2430.046880830265,4247.127189565664,false
2025-06-28,2088.6277386394854,1168.320551174381,2954.6655073505403,false
2025-06-29,2072.5945747350365,1140.8381765869274,2927.934822496599,false
2025-06-30,3116.8348994447197,2245.391495393816,4066.6819641828633,false
2025-07-01,3113.8716624863096,2241.0980272218194,4037.128599218046,false
2025-07-02,3278.818143458131,2437.985037062788,4205.314690020019,false
2025-07-03,3329.275239816841,2401.5757406382736,4208.6107608189695,false
2025-07-04,3343.11855665122,2461.597347603874,4196.405790586087,false
2025-07-05,2165.6169479645127,1257.7686688638003,3065.3027804695475,false
2025-07-06,2155.949816225177,1230.535154347243,3062.5745507042866,false
2025-07-07,3164.9468537851058,2237.2527847763217,4059.5567936662937,false
2025-07-08,3109.3835633343315,2176.729571092291,4026.170484337775,false
2025-07-09,3241.236036130778,2282.1170567316676,4160.861190667259,false
2025-07-10,3304.0446784879227,2372.021366941793,4236.439523238064,false
2025-07-11,3371.562405195704,2425.8688481344693,4288.429263529602,true
2025-07-12,2256.915216576515,1335.2501734231598,3100.9882468356777,true
2025-07-13,2282.7149738875114,1390.3453566064295,3154.4276777804193,true
2025-07-14,3285.7012111004515,2406.001057524189,4147.837079798123,true
2025-07-15,3199.3554687367678,2253.3455799027297,4038.8199018779665,true
2025-07-16,3306.5944092798445,2430.377313929693,4238.833622282843,true
2025-07-17,3369.7881785392606,2393.007587424109,4289.528506219853,true
2025-07-18,3456.34528883379,2533.960252129311,4270.099670224737,true
2025-07-19,2358.4529395502263,1424.7054800363628,3222.8459061043254,true
2025-07-20,2386.0497230195224,1493.5678720065528,3303.322541819127,true
2025-07-21,3384.4120574345607,2448.1656672026043,4298.585408412452,true
2025-07-22,3307.4247425539497,2371.566730110621,4209.415472959855,true
2025-07-23,3447.4085782735465,2569.8516483887634,4333.854925398659,true
2025-07-24,3550.3666365123727,2674.897032203269,4433.8537389446265,true
2025-07-25,3649.4148173653484,2813.816105318344,4543.078339890524,true
2025-07-26,2509.323839596196,1607.5650715558133,3434.6876692617525,true
2025-07-27,2440.8402129312362,1532.5459447092383,3293.316946426032,true
2025-07-28,3319.3124965768448,2382.016836683834,4200.27067749704,true
2025-07-29,3139.4374885500256,2247.1181678249604,4039.3831290550747,true
2025-07-30,3222.8848086825237,2321.113320346562,4101.856979046807,true
2025-07-31,3323.3944494657435,2419.1178295886634,4207.068037330259,true
2025-08-01,3464.709454813602,2493.796410830347,4359.087722849548,true
2025-08-02,2394.657469285858,1429.5943534969012,3276.7105434683626,true
2025-08-03,2404.3397741864164,1543.527950619591,3281.974761038427,true
2025-08-04,3347.0838018863656,2442.3547455816297,4206.18287506068,true
2025-08-05,3196.630269838666,2326.2135224582116,4144.95947418596,true
2025-08-06,3265.2541391109844,2355.5175990205157,4140.160123894187,true
2025-08-07,3319.376775797994,2413.5173342652706,4263.304552660537,true
2025-08-08,3415.586735621714,2552.3839987307683,4263.971813138315,true
2025-08-09,2336.117676277382,1493.4194996243066,3245.1772648413257,true